,email,name,password
0,alex21@example.net,Jeffrey Garcia,ol^6zUjKo*
1,justin89@example.net,Austin Wilson,G&5qSuwT0^
2,lisalawson@example.net,Colleen Higgins,+nj7J9Qom0
3,katherinetrevino@example.org,Mr. Robert Greene PhD,!NNWTizUQ6
4,john78@example.org,Robert Lowe,2xnVVnpY#j
5,brownjeremy@example.org,Teresa Wood,)l41oRxMCP
6,wheelerjane@example.org,Danielle Campbell,SBT@7Mx2)*
7,shaun26@example.com,Heather Burton,&8r$Bi9An^
8,tammy52@example.com,Mrs. Vanessa Hamilton,Dv(CcTil!0
9,davisjacob@example.net,Daniel Barr,fps_8MUcC8
10,dana13@example.org,Christopher Craig,RgtT&2JsJ!
11,hgates@example.com,Heather Rojas,&aIxg4#c%6
12,gonzalezrachael@example.com,Kristin Brown,UL!mFT(x%9
13,reidjoseph@example.com,Aaron Gomez,v13K#Ij#%n
14,sharongoodwin@example.com,Clayton Ramirez,!u8K3Gq1^%
15,dianasmith@example.net,Sonya Rowland,Zg5L@gbk0^
16,zcisneros@example.net,Gabriel Perez,)itECQL0j2
17,jennifergarcia@example.org,Regina Scott,$x93Mz58u@
18,pmorgan@example.com,Nicole Beck,g+Z^enA(^6
19,jason78@example.com,Andrew Cooper,ywwV$2Kqpm
20,susan47@example.org,Lisa Mccoy,xH%132Et@W
21,charlotte55@example.net,Katie Gonzales,$%kS+y**08
22,ospencer@example.net,Susan Todd,TM7Un+FR#3
23,tbenjamin@example.net,Shaun Howard,BsYsfW!d$1
24,wdominguez@example.net,Haley Williams,HU7Sm#uH0@
25,jpatel@example.org,Jennifer Foster,T3E7#lKj)$
26,dcarson@example.org,Dr. Megan Taylor,*3F+JK4sDh
27,ryanrhodes@example.com,Andrew Butler,!PBpa8)3s2
28,philipmiller@example.net,Tammy Roberts,+9_NM6z^Le
29,crystal88@example.net,Erika Walsh,%fh9H2bi_^
30,marysmith@example.com,Andrew Marks,0qHF8XWo@v
31,sabrina19@example.com,Eric Douglas,+tPAagQy81
32,boneal@example.com,Jennifer Dunn,%rKN7#%e9N
33,richardhicks@example.com,Theresa Curtis,DY%8HB9jo@
34,drew80@example.com,Ana Kelly,CVm*2HXrg6
35,dennisrose@example.net,William Ortiz,JbcP8VHe_&
36,phillipsstephanie@example.org,William Thompson,7BRX2wKa#h
37,parkeramy@example.com,Bruce Knapp,(bLnx8Q8k9
38,rbarron@example.com,Rachael Frank,$1Ymttv%LI
39,crawfordgregory@example.com,Tracie Murphy,l3uvTtir$F
40,edunn@example.com,Nancy Browning,8!1@QSwGax
41,amandamurray@example.net,Kyle Mitchell,QC!C(lx^_6
42,amy47@example.net,Joe Hubbard,o3SxtQTk_y
43,deandaniel@example.com,Brianna Daniels,di#l4NrkbF
44,ethan52@example.org,Adrian Schwartz,!@2IWy8Q_e
45,william96@example.org,Brian Chavez,_Z$^7P5vn7
46,millercatherine@example.com,Drew Scott,O*5JHtkCcv
47,craigchristopher@example.net,Jane Webb,Q48^QLNd$&
48,chelsealara@example.net,Matthew Morris,*53)9DzbHq
49,timothyramsey@example.com,Carrie Smith,3NIROkNg)U
50,scottbrett@example.org,Mary Wilcox,KPa)5Rvp!B
51,grayeileen@example.net,Paula Wilson,jao0XUEo+7
52,lpowell@example.org,Lori Cochran,yq7+Xklp&j
53,charris@example.com,Allison Benson,!45F%Wkt!1
54,zmartin@example.org,Steven Sanders,6J&PHoXy*q
55,melaniebarnes@example.org,Justin Mann,9!9L0u2A0M
56,ksantos@example.com,Lisa Gutierrez,N1JafFDW+m
57,georgemcclure@example.com,Tina Perez,x_7EdKkrO@
58,warrenmichael@example.org,Jeffery Anderson,D#A2Uk@eI&
59,alisonfisher@example.net,Pamela Young,*+14q@Nn)U
60,sheila25@example.com,Thomas Graham,AD9GTGfU%7
61,ramirezsarah@example.net,Jeffery Smith,nQEMs22X@8
62,wmartin@example.net,Chad Walker,UHsx_RRd%2
63,ekelly@example.org,Laura Hood,a7EsNDyq!Z
64,laurenwallace@example.com,Brandon Gonzalez,*3C+PVxxQU
65,jmanning@example.org,Sylvia Hayes,(o2MmIv@N5
66,monroechris@example.com,Samuel Collins,+9L(n_6H(d
67,dstephenson@example.net,Scott Jones,G!e4NhO%!x
68,laura89@example.com,Stephanie Edwards,F_Qn0G&z2r
69,johnsmith@example.org,Kathy Holland,gb@9z#Uip(
70,chughes@example.com,Rebecca Hutchinson,Oo3CiYk2y$
71,brownstephen@example.org,Timothy Moore,MkcWE5yW(1
72,martha89@example.com,Tara Stephens,FQx1DKrAk%
73,tuckerkevin@example.net,Jonathan Miller,)1Z_RafmcK
74,merrittamy@example.com,Robert Landry,%#gJw6JKBi
75,zshepard@example.net,Jordan Reyes,#0^CukCTQ*
76,alexandria81@example.org,Deborah Jones,%eIdLIh*2Q
77,lshannon@example.net,Mason Brown,)+49IBhhu8
78,bridgetpalmer@example.com,Randall Johnson,I@D!)5z71V
79,brandonjones@example.org,Lucas Hill,^ST65l331(
80,aelliott@example.net,Robert Allison,_4i^ebEekQ
81,riggslee@example.org,Corey Hunt,JQWXFt#v_0
82,jessica78@example.net,Jennifer Sawyer,(08a&tGmil
83,taylordarlene@example.com,Manuel Ortega,J4H_VjdK^K
84,pateljoel@example.net,Brandy Lawson,3kDugZje@9
85,mckeebrady@example.com,Curtis Wolfe,iU5VWN8po^
86,brandonchavez@example.com,Jason Oliver,m+4Ze^cF(l
87,perezwesley@example.com,John Hayden,K&5WvymP*Z
88,jonathan46@example.net,Mark Moore,U9CZIpp!%R
89,dustindavis@example.net,Michele Kirk,$B*r%jFn2L
90,munozkelly@example.com,Reginald Smith,bH4F#ewY*Y
91,golson@example.com,Mary Bell,8Nr9NTXnT$
92,iboone@example.com,Mark Kim,wv7eZA+zT%
93,hmorales@example.org,Andrew Lindsey,0jd+PrHE#3
94,jennifer63@example.net,Timothy Aguirre,SKL$)4BvjI
95,xbrooks@example.com,Darren Sandoval,Gve6J_Tm+8
96,dfuller@example.com,Joshua Carey,b)1R*zYn$C
97,juliasummers@example.com,Patricia Bryant,9$ir9RysmZ
98,sarah60@example.org,Tara Gordon,_)07JE%dOe
99,vhernandez@example.net,Lisa Banks,D89vVuVvm%
100,lucerock@gmail.com,Lucero,lucero201104
